city,clustering_coefficient,hierarchy
七台河市,1.1032591566534307,普通地级市
三亚市,1.0948808278785451,普通地级市
三明市,0.9036927256435758,普通地级市
三门峡市,1.0006131044152147,普通地级市
上海市,0.8743631197268505,直辖市
上饶市,0.9266427831959868,普通地级市
东莞市,0.8989059082487655,普通地级市
东营市,0.9398802633542376,普通地级市
中卫市,1.1764314671311,普通地级市
中山市,0.9064525414754746,普通地级市
临汾市,0.936718202393732,普通地级市
临沂市,0.9121379933001139,普通地级市
临沧市,1.079281230787687,普通地级市
丹东市,1.0090253031774163,普通地级市
丽水市,0.9413716149784626,普通地级市
丽江市,1.160333787389467,普通地级市
乌兰察布市,1.0273155451525133,普通地级市
乌海市,1.061133896573891,普通地级市
乌鲁木齐市,0.9210150412268537,省会城市
乐山市,0.9278863461798031,普通地级市
九江市,0.9613765839389488,普通地级市
云浮市,0.9596292729863655,普通地级市
亳州市,1.0047093148126842,普通地级市
伊春市,1.019055423494443,普通地级市
佛山市,0.881769436495351,普通地级市
佳木斯市,1.0302924843968484,普通地级市
保定市,0.8859947332525875,普通地级市
保山市,1.0610353228533098,普通地级市
信阳市,0.9163443850216452,普通地级市
儋州市,1.19313489349869,普通地级市
克拉玛依市,1.0508694696788987,普通地级市
六安市,0.9818349935844194,普通地级市
六盘水市,1.0298903738472998,普通地级市
兰州市,0.9143064817237788,省会城市
内江市,0.9894817809059366,普通地级市
包头市,0.9686408450910378,普通地级市
北京市,0.8637292165147876,直辖市
北海市,1.024260885522415,普通地级市
十堰市,0.9610056917076961,普通地级市
南京市,0.8951516671483293,副省级城市
南充市,0.9352779027448846,普通地级市
南宁市,0.9112585906250043,省会城市
南平市,0.9242022959306517,普通地级市
南昌市,0.9044476851046616,省会城市
南通市,0.9072093260211354,普通地级市
南阳市,0.9188230702994362,普通地级市
厦门市,0.912682709532149,副省级城市
双鸭山市,1.0445854180308263,普通地级市
台州市,0.9158128312679191,普通地级市
合肥市,0.888729306776025,省会城市
吉安市,0.9758325213913945,普通地级市
吉林市,0.8880257735249897,普通地级市
吐鲁番市,1.093687268530186,普通地级市
吕梁市,0.9260186469717958,普通地级市
吴忠市,1.0136404210955052,普通地级市
周口市,0.9529556007110311,普通地级市
呼伦贝尔市,1.0111196214937737,普通地级市
呼和浩特市,0.9100852560009857,省会城市
咸宁市,0.9927574183658293,普通地级市
咸阳市,0.927785329511579,普通地级市
哈密市,1.0873799657195728,普通地级市
哈尔滨市,0.9060950280273243,副省级城市
唐山市,0.9073106888834375,普通地级市
商丘市,0.9021701256873554,普通地级市
商洛市,0.9385170732408294,普通地级市
嘉兴市,0.9033654818262227,普通地级市
嘉峪关市,1.1084265469219512,普通地级市
四平市,0.9902017181951663,普通地级市
固原市,1.1739833828254485,普通地级市
大同市,0.9748181514545161,普通地级市
大庆市,0.952921705730573,普通地级市
大连市,0.9132954014253664,副省级城市
天水市,1.0718059151601176,普通地级市
天津市,0.8872480165303931,直辖市
太原市,0.8894434915806628,省会城市
威海市,0.9524556493629527,普通地级市
娄底市,0.9541425248949662,普通地级市
孝感市,0.9298786595027717,普通地级市
宁德市,0.9298228575052339,普通地级市
宁波市,0.8944360917213342,副省级城市
安庆市,0.9799505480200571,普通地级市
安康市,1.02917053777903,普通地级市
安阳市,0.9282109244453869,普通地级市
安顺市,1.024786748312855,普通地级市
定西市,1.0786605374579301,普通地级市
宜宾市,0.9746462279199475,普通地级市
宜昌市,0.9661284365310779,普通地级市
宜春市,0.9189387494694992,普通地级市
宝鸡市,0.9761155506385748,普通地级市
宣城市,0.9743428528626656,普通地级市
宿州市,0.9938778425755198,普通地级市
宿迁市,0.9446513349704234,普通地级市
山南市,0,普通地级市
岳阳市,0.9401114128453822,普通地级市
崇左市,0,普通地级市
巴中市,1.0216268206568762,普通地级市
巴彦淖尔市,1.0102799119110732,普通地级市
常州市,0.911700558400218,普通地级市
常德市,0.9876612287863763,普通地级市
平凉市,0.9830618730405526,普通地级市
平顶山市,0.9503719773996138,普通地级市
广元市,1.0139207988503918,普通地级市
广安市,1.012416149288747,普通地级市
广州市,0.8756530176044104,副省级城市
庆阳市,1.0176755831625364,普通地级市
廊坊市,0.9106095941991148,普通地级市
延安市,1.0485085820833724,普通地级市
开封市,0.923134785238568,普通地级市
张家口市,0.9319858893136571,普通地级市
张家界市,1.1269459737136425,普通地级市
张掖市,1.035391449377305,普通地级市
徐州市,0.9160547313736812,普通地级市
德州市,0.9529065627565154,普通地级市
德阳市,0.9393123286983905,普通地级市
忻州市,0.9698351843510927,普通地级市
怀化市,0.993429159029606,普通地级市
惠州市,0.9181182014839824,普通地级市
成都市,0.8720303170682187,副省级城市
扬州市,0.9270176543968004,普通地级市
承德市,0.9826307864004329,普通地级市
抚州市,0.9815502524804975,普通地级市
抚顺市,0.9760518073041166,普通地级市
拉萨市,1.0245297362875165,省会城市
揭阳市,0.9622741855441036,普通地级市
攀枝花市,1.0697267975497171,普通地级市
新乡市,0.9021888502305632,普通地级市
新余市,0.9969844251152924,普通地级市
无锡市,0.8980700951477967,普通地级市
日喀则市,1.368730076759953,普通地级市
日照市,0.9673096521516258,普通地级市
昆明市,0.901079378961271,省会城市
昌都市,0,普通地级市
昭通市,1.0172167841101827,普通地级市
晋中市,0.8595723140113646,普通地级市
晋城市,0.9655676204497602,普通地级市
普洱市,0,普通地级市
景德镇市,1.0180829055430765,普通地级市
曲靖市,0.9446613304530099,普通地级市
朔州市,1.0633681102758514,普通地级市
朝阳市,1.013823790501479,普通地级市
本溪市,0.9933148490824455,普通地级市
来宾市,1.0183931290992407,普通地级市
杭州市,0.8865348878880605,副省级城市
松原市,0.9769486396595184,普通地级市
林芝市,1.3264792575919366,普通地级市
枣庄市,0.9331541543572798,普通地级市
柳州市,0.9488295865987876,普通地级市
株洲市,0.9341548578637866,普通地级市
桂林市,0.9505942896366115,普通地级市
梅州市,0.9756802608323623,普通地级市
梧州市,0.9533398064779876,普通地级市
榆林市,0.9518946760946942,普通地级市
武威市,0.9674436818036676,普通地级市
武汉市,0.8841553549501491,副省级城市
毕节市,1.0041114474118333,普通地级市
永州市,0.9859869539078058,普通地级市
汉中市,1.024860181952085,普通地级市
汕头市,0.9210836051089947,普通地级市
汕尾市,0.9426678100844904,普通地级市
江门市,0.9019084639580074,普通地级市
池州市,1.0292059800788151,普通地级市
沈阳市,0.90000910532854,副省级城市
沧州市,0.9010029753949892,普通地级市
河池市,0.9955394047051814,普通地级市
河源市,0.991477950398405,普通地级市
泉州市,0.8957484825283198,普通地级市
泰安市,0.9373815098148346,普通地级市
泰州市,0.920224545830389,普通地级市
泸州市,0.9794494536728402,普通地级市
洛阳市,0.9413759760363565,普通地级市
济南市,0.8805193144359081,副省级城市
济宁市,0.913903964977958,普通地级市
海东市,1.1803082853995273,普通地级市
海口市,0.9091508070931874,省会城市
淄博市,0.9118635575861961,普通地级市
淮北市,1.0068324706110856,普通地级市
淮南市,0.9849690097094558,普通地级市
淮安市,0.961113579468205,普通地级市
深圳市,0.8858287878024644,副省级城市
清远市,0.9540926126664796,普通地级市
温州市,0.8896362044267209,普通地级市
渭南市,0.9418106115898017,普通地级市
湖州市,0.9272109762454557,普通地级市
湘潭市,0.9414288645895361,普通地级市
湛江市,0.9424768583041941,普通地级市
滁州市,0.976909990073564,普通地级市
滨州市,0.9457801391468035,普通地级市
漯河市,0.9716383290686147,普通地级市
漳州市,0.9338570700227408,普通地级市
潍坊市,0.9111574876205755,普通地级市
潮州市,0.9761354017349462,普通地级市
濮阳市,0.9545739216027506,普通地级市
烟台市,0.9169010002908963,普通地级市
焦作市,0.9173560614055988,普通地级市
牡丹江市,0.9714284314697169,普通地级市
玉林市,0.9430614359645292,普通地级市
玉溪市,1.0604209904645039,普通地级市
珠海市,0.9453162488302008,普通地级市
白城市,1.0203690547421314,普通地级市
白山市,0.987924374768106,普通地级市
白银市,1.0755865703850884,普通地级市
百色市,1.0008897218782065,普通地级市
益阳市,0.9679013307644568,普通地级市
盐城市,0.9324535655035147,普通地级市
盘锦市,0.968436615978969,普通地级市
眉山市,0.9707868446811323,普通地级市
石嘴山市,1.0538071873455246,普通地级市
石家庄市,0.8918248639782977,省会城市
福州市,0.8831614720028249,省会城市
秦皇岛市,0.9590579298172893,普通地级市
绍兴市,0.9071929233102423,普通地级市
绥化市,0.9484322828130897,普通地级市
绵阳市,0.9220576177634704,普通地级市
聊城市,0.9256215771673589,普通地级市
肇庆市,0.9501229616539857,普通地级市
自贡市,0.9799253236060492,普通地级市
舟山市,1.0004073503378004,普通地级市
芜湖市,0.9387067726963081,普通地级市
苏州市,0.890254318809722,普通地级市
茂名市,0.9507405280660501,普通地级市
荆州市,0.9696480036411012,普通地级市
荆门市,0.9656907120390742,普通地级市
莆田市,0.9460284128997237,普通地级市
菏泽市,0.92518019533539,普通地级市
萍乡市,0.9801688760182037,普通地级市
营口市,0.9632618215899341,普通地级市
葫芦岛市,0.9959345374977353,普通地级市
蚌埠市,0.9855347430107432,普通地级市
衡水市,0.9362667202101177,普通地级市
衡阳市,0.9320072223203338,普通地级市
衢州市,0.9627432479742174,普通地级市
襄阳市,1.0560204833181057,普通地级市
西宁市,0.9570700897271106,省会城市
西安市,0.8943806693843257,副省级城市
许昌市,0.9191374980549482,普通地级市
贵港市,0.9519270860295342,普通地级市
贵阳市,0.9087524434660262,省会城市
贺州市,1.038124307534458,普通地级市
资阳市,0.9838775146326271,普通地级市
赣州市,0.9303801400181457,普通地级市
赤峰市,0.966508461297313,普通地级市
辽源市,1.0332372079716088,普通地级市
辽阳市,0.9548243726042402,普通地级市
达州市,0.9698784713235818,普通地级市
运城市,0.9054320231926808,普通地级市
连云港市,0.9313511415542833,普通地级市
通化市,0.975531717330112,普通地级市
通辽市,0.9736916613358245,普通地级市
遂宁市,1.0061313935726774,普通地级市
遵义市,0.9707241557991018,普通地级市
邢台市,0.9153862677953677,普通地级市
那曲市,1.367766445877422,普通地级市
邯郸市,0.9208584682217952,普通地级市
邵阳市,0.9761938580240179,普通地级市
郑州市,0.881709204294364,省会城市
郴州市,0.9725893560178915,普通地级市
鄂尔多斯市,0.9728038751552744,普通地级市
鄂州市,0.9884388193828386,普通地级市
酒泉市,1.1014316783913394,普通地级市
重庆市,0.9000133814480752,直辖市
金华市,0.8871382770208567,普通地级市
金昌市,1.0716647825572962,普通地级市
钦州市,0.9842141925835354,普通地级市
铁岭市,0.9667085085805541,普通地级市
铜仁市,0.9974056135902485,普通地级市
铜川市,1.0564650071793666,普通地级市
铜陵市,0.9929445455483918,普通地级市
银川市,0.9444544907997141,省会城市
锦州市,0.9622827187218677,普通地级市
镇江市,0.9284695290335402,普通地级市
长春市,0.8905683696999214,副省级城市
长沙市,0.8861799024395168,省会城市
长治市,0.9365070483342106,普通地级市
阜新市,0.9600926709532834,普通地级市
阜阳市,0.9675715001946227,普通地级市
防城港市,1.1296733798065417,普通地级市
阳江市,0.9817144883195373,普通地级市
阳泉市,0.9414415462158863,普通地级市
陇南市,1.0515422942451293,普通地级市
随州市,0.993026562558283,普通地级市
雅安市,0.9961183727801736,普通地级市
青岛市,0.9049425842612944,副省级城市
鞍山市,0.9103025077593208,普通地级市
韶关市,0.9575610580515534,普通地级市
马鞍山市,0.9714778228980385,普通地级市
驻马店市,0.9707803249823254,普通地级市
鸡西市,0.9897644810075802,普通地级市
鹤壁市,0.9898815666851888,普通地级市
鹤岗市,0.986186734402006,普通地级市
鹰潭市,1.0254059043919312,普通地级市
黄冈市,0.9496674687206982,普通地级市
黄山市,1.1064886744496139,普通地级市
黄石市,0.9605955514635085,普通地级市
黑河市,0.9681141155881595,普通地级市
齐齐哈尔市,0.9732144565667409,普通地级市
龙岩市,0.9350452067929929,普通地级市
